"patch_number","pixel_id","patch_size","env","x","y"
NA,1,NA,1,1,1
NA,2,NA,1,1,2
NA,3,NA,1,1,3
NA,4,NA,1,1,4
NA,5,NA,1,1,5
NA,6,NA,1,1,6
NA,7,NA,1,1,7
17,8,34,10,1,8
17,9,34,10,1,9
17,10,34,10,1,10
17,11,34,10,1,11
17,12,34,10,1,12
NA,13,NA,1,1,13
NA,14,NA,1,1,14
NA,15,NA,1,1,15
NA,16,NA,1,1,16
NA,17,NA,1,1,17
NA,18,NA,1,1,18
NA,19,NA,1,1,19
NA,20,NA,1,1,20
NA,21,NA,1,1,21
NA,22,NA,1,1,22
NA,23,NA,1,1,23
NA,24,NA,1,1,24
NA,25,NA,1,1,25
NA,26,NA,1,1,26
NA,27,NA,1,1,27
NA,28,NA,1,1,28
NA,29,NA,1,1,29
NA,30,NA,1,1,30
NA,31,NA,1,1,31
NA,32,NA,1,1,32
NA,33,NA,1,1,33
NA,34,NA,1,1,34
NA,35,NA,1,1,35
NA,36,NA,1,1,36
NA,37,NA,1,1,37
2,38,34,10,1,38
2,39,34,10,1,39
2,40,34,10,1,40
NA,41,NA,1,1,41
NA,42,NA,1,1,42
NA,43,NA,1,1,43
NA,44,NA,1,1,44
NA,45,NA,1,1,45
NA,46,NA,1,1,46
NA,47,NA,1,1,47
5,48,19,10,1,48
NA,49,NA,1,1,49
NA,50,NA,1,1,50
NA,51,NA,1,2,1
NA,52,NA,1,2,2
NA,53,NA,1,2,3
NA,54,NA,1,2,4
NA,55,NA,1,2,5
NA,56,NA,1,2,6
17,57,34,10,2,7
17,58,34,10,2,8
17,59,34,10,2,9
17,60,34,10,2,10
17,61,34,10,2,11
NA,62,NA,1,2,12
17,63,34,10,2,13
NA,64,NA,1,2,14
NA,65,NA,1,2,15
NA,66,NA,1,2,16
NA,67,NA,1,2,17
NA,68,NA,1,2,18
NA,69,NA,1,2,19
NA,70,NA,1,2,20
NA,71,NA,1,2,21
NA,72,NA,1,2,22
NA,73,NA,1,2,23
NA,74,NA,1,2,24
NA,75,NA,1,2,25
NA,76,NA,1,2,26
NA,77,NA,1,2,27
NA,78,NA,1,2,28
NA,79,NA,1,2,29
NA,80,NA,1,2,30
NA,81,NA,1,2,31
NA,82,NA,1,2,32
NA,83,NA,1,2,33
NA,84,NA,1,2,34
NA,85,NA,1,2,35
2,86,34,10,2,36
2,87,34,10,2,37
2,88,34,10,2,38
2,89,34,10,2,39
2,90,34,10,2,40
NA,91,NA,1,2,41
NA,92,NA,1,2,42
NA,93,NA,1,2,43
NA,94,NA,1,2,44
NA,95,NA,1,2,45
NA,96,NA,1,2,46
5,97,19,10,2,47
5,98,19,10,2,48
5,99,19,10,2,49
5,100,19,10,2,50
NA,101,NA,1,3,1
NA,102,NA,1,3,2
NA,103,NA,1,3,3
NA,104,NA,1,3,4
10,105,23,10,3,5
17,106,34,10,3,6
17,107,34,10,3,7
17,108,34,10,3,8
17,109,34,10,3,9
17,110,34,10,3,10
17,111,34,10,3,11
17,112,34,10,3,12
17,113,34,10,3,13
17,114,34,10,3,14
NA,115,NA,1,3,15
NA,116,NA,1,3,16
NA,117,NA,1,3,17
NA,118,NA,1,3,18
NA,119,NA,1,3,19
NA,120,NA,1,3,20
NA,121,NA,1,3,21
NA,122,NA,1,3,22
NA,123,NA,1,3,23
NA,124,NA,1,3,24
NA,125,NA,1,3,25
NA,126,NA,1,3,26
NA,127,NA,1,3,27
NA,128,NA,1,3,28
NA,129,NA,1,3,29
NA,130,NA,1,3,30
NA,131,NA,1,3,31
NA,132,NA,1,3,32
NA,133,NA,1,3,33
7,134,34,10,3,34
2,135,34,10,3,35
2,136,34,10,3,36
2,137,34,10,3,37
2,138,34,10,3,38
2,139,34,10,3,39
2,140,34,10,3,40
NA,141,NA,1,3,41
NA,142,NA,1,3,42
NA,143,NA,1,3,43
NA,144,NA,1,3,44
NA,145,NA,1,3,45
NA,146,NA,1,3,46
5,147,19,10,3,47
5,148,19,10,3,48
5,149,19,10,3,49
5,150,19,10,3,50
NA,151,NA,1,4,1
NA,152,NA,1,4,2
NA,153,NA,1,4,3
10,154,23,10,4,4
10,155,23,10,4,5
10,156,23,10,4,6
17,157,34,10,4,7
17,158,34,10,4,8
17,159,34,10,4,9
17,160,34,10,4,10
17,161,34,10,4,11
17,162,34,10,4,12
17,163,34,10,4,13
17,164,34,10,4,14
NA,165,NA,1,4,15
NA,166,NA,1,4,16
NA,167,NA,1,4,17
NA,168,NA,1,4,18
NA,169,NA,1,4,19
NA,170,NA,1,4,20
NA,171,NA,1,4,21
NA,172,NA,1,4,22
NA,173,NA,1,4,23
NA,174,NA,1,4,24
43,175,46,10,4,25
NA,176,NA,1,4,26
43,177,46,10,4,27
NA,178,NA,1,4,28
NA,179,NA,1,4,29
NA,180,NA,1,4,30
NA,181,NA,1,4,31
7,182,34,10,4,32
7,183,34,10,4,33
7,184,34,10,4,34
7,185,34,10,4,35
2,186,34,10,4,36
2,187,34,10,4,37
2,188,34,10,4,38
2,189,34,10,4,39
2,190,34,10,4,40
NA,191,NA,1,4,41
NA,192,NA,1,4,42
NA,193,NA,1,4,43
NA,194,NA,1,4,44
NA,195,NA,1,4,45
NA,196,NA,1,4,46
5,197,19,10,4,47
5,198,19,10,4,48
5,199,19,10,4,49
5,200,19,10,4,50
NA,201,NA,1,5,1
NA,202,NA,1,5,2
10,203,23,10,5,3
10,204,23,10,5,4
10,205,23,10,5,5
10,206,23,10,5,6
10,207,23,10,5,7
17,208,34,10,5,8
17,209,34,10,5,9
17,210,34,10,5,10
17,211,34,10,5,11
17,212,34,10,5,12
17,213,34,10,5,13
NA,214,NA,1,5,14
NA,215,NA,1,5,15
NA,216,NA,1,5,16
NA,217,NA,1,5,17
NA,218,NA,1,5,18
NA,219,NA,1,5,19
NA,220,NA,1,5,20
NA,221,NA,1,5,21
NA,222,NA,1,5,22
43,223,46,10,5,23
43,224,46,10,5,24
43,225,46,10,5,25
43,226,46,10,5,26
43,227,46,10,5,27
43,228,46,10,5,28
43,229,46,10,5,29
NA,230,NA,1,5,30
7,231,34,10,5,31
7,232,34,10,5,32
7,233,34,10,5,33
7,234,34,10,5,34
2,235,34,10,5,35
2,236,34,10,5,36
2,237,34,10,5,37
2,238,34,10,5,38
2,239,34,10,5,39
NA,240,NA,1,5,40
NA,241,NA,1,5,41
NA,242,NA,1,5,42
NA,243,NA,1,5,43
NA,244,NA,1,5,44
NA,245,NA,1,5,45
27,246,13,10,5,46
27,247,13,10,5,47
5,248,19,10,5,48
5,249,19,10,5,49
5,250,19,10,5,50
NA,251,NA,1,6,1
10,252,23,10,6,2
10,253,23,10,6,3
10,254,23,10,6,4
10,255,23,10,6,5
10,256,23,10,6,6
10,257,23,10,6,7
NA,258,NA,1,6,8
NA,259,NA,1,6,9
NA,260,NA,1,6,10
NA,261,NA,1,6,11
NA,262,NA,1,6,12
NA,263,NA,1,6,13
NA,264,NA,1,6,14
NA,265,NA,1,6,15
NA,266,NA,1,6,16
NA,267,NA,1,6,17
NA,268,NA,1,6,18
NA,269,NA,1,6,19
NA,270,NA,1,6,20
NA,271,NA,1,6,21
43,272,46,10,6,22
43,273,46,10,6,23
43,274,46,10,6,24
43,275,46,10,6,25
43,276,46,10,6,26
43,277,46,10,6,27
43,278,46,10,6,28
43,279,46,10,6,29
7,280,34,10,6,30
7,281,34,10,6,31
7,282,34,10,6,32
7,283,34,10,6,33
7,284,34,10,6,34
7,285,34,10,6,35
2,286,34,10,6,36
2,287,34,10,6,37
2,288,34,10,6,38
2,289,34,10,6,39
2,290,34,10,6,40
NA,291,NA,1,6,41
NA,292,NA,1,6,42
NA,293,NA,1,6,43
NA,294,NA,1,6,44
NA,295,NA,1,6,45
27,296,13,10,6,46
27,297,13,10,6,47
27,298,13,10,6,48
5,299,19,10,6,49
5,300,19,10,6,50
NA,301,NA,1,7,1
NA,302,NA,1,7,2
10,303,23,10,7,3
10,304,23,10,7,4
10,305,23,10,7,5
10,306,23,10,7,6
10,307,23,10,7,7
10,308,23,10,7,8
NA,309,NA,1,7,9
NA,310,NA,1,7,10
NA,311,NA,1,7,11
NA,312,NA,1,7,12
NA,313,NA,1,7,13
NA,314,NA,1,7,14
NA,315,NA,1,7,15
NA,316,NA,1,7,16
NA,317,NA,1,7,17
NA,318,NA,1,7,18
NA,319,NA,1,7,19
NA,320,NA,1,7,20
NA,321,NA,1,7,21
43,322,46,10,7,22
43,323,46,10,7,23
43,324,46,10,7,24
43,325,46,10,7,25
43,326,46,10,7,26
43,327,46,10,7,27
43,328,46,10,7,28
43,329,46,10,7,29
7,330,34,10,7,30
7,331,34,10,7,31
7,332,34,10,7,32
7,333,34,10,7,33
7,334,34,10,7,34
7,335,34,10,7,35
2,336,34,10,7,36
2,337,34,10,7,37
2,338,34,10,7,38
2,339,34,10,7,39
NA,340,NA,1,7,40
NA,341,NA,1,7,41
NA,342,NA,1,7,42
NA,343,NA,1,7,43
37,344,10,10,7,44
27,345,13,10,7,45
27,346,13,10,7,46
27,347,13,10,7,47
27,348,13,10,7,48
27,349,13,10,7,49
5,350,19,10,7,50
NA,351,NA,1,8,1
NA,352,NA,1,8,2
NA,353,NA,1,8,3
31,354,43,10,8,4
NA,355,NA,1,8,5
10,356,23,10,8,6
10,357,23,10,8,7
NA,358,NA,1,8,8
NA,359,NA,1,8,9
NA,360,NA,1,8,10
NA,361,NA,1,8,11
NA,362,NA,1,8,12
NA,363,NA,1,8,13
NA,364,NA,1,8,14
NA,365,NA,1,8,15
NA,366,NA,1,8,16
NA,367,NA,1,8,17
NA,368,NA,1,8,18
NA,369,NA,1,8,19
NA,370,NA,1,8,20
NA,371,NA,1,8,21
NA,372,NA,1,8,22
43,373,46,10,8,23
43,374,46,10,8,24
43,375,46,10,8,25
43,376,46,10,8,26
43,377,46,10,8,27
43,378,46,10,8,28
7,379,34,10,8,29
7,380,34,10,8,30
7,381,34,10,8,31
7,382,34,10,8,32
7,383,34,10,8,33
7,384,34,10,8,34
7,385,34,10,8,35
39,386,50,10,8,36
2,387,34,10,8,37
39,388,50,10,8,38
39,389,50,10,8,39
39,390,50,10,8,40
NA,391,NA,1,8,41
NA,392,NA,1,8,42
37,393,10,10,8,43
37,394,10,10,8,44
37,395,10,10,8,45
27,396,13,10,8,46
27,397,13,10,8,47
27,398,13,10,8,48
40,399,9,10,8,49
40,400,9,10,8,50
NA,401,NA,1,9,1
NA,402,NA,1,9,2
31,403,43,10,9,3
31,404,43,10,9,4
31,405,43,10,9,5
31,406,43,10,9,6
NA,407,NA,1,9,7
NA,408,NA,1,9,8
NA,409,NA,1,9,9
NA,410,NA,1,9,10
NA,411,NA,1,9,11
NA,412,NA,1,9,12
NA,413,NA,1,9,13
NA,414,NA,1,9,14
NA,415,NA,1,9,15
NA,416,NA,1,9,16
NA,417,NA,1,9,17
NA,418,NA,1,9,18
NA,419,NA,1,9,19
NA,420,NA,1,9,20
18,421,35,10,9,21
NA,422,NA,1,9,22
18,423,35,10,9,23
43,424,46,10,9,24
43,425,46,10,9,25
43,426,46,10,9,26
43,427,46,10,9,27
43,428,46,10,9,28
43,429,46,10,9,29
7,430,34,10,9,30
7,431,34,10,9,31
7,432,34,10,9,32
7,433,34,10,9,33
7,434,34,10,9,34
39,435,50,10,9,35
39,436,50,10,9,36
39,437,50,10,9,37
39,438,50,10,9,38
39,439,50,10,9,39
39,440,50,10,9,40
NA,441,NA,1,9,41
NA,442,NA,1,9,42
37,443,10,10,9,43
37,444,10,10,9,44
37,445,10,10,9,45
37,446,10,10,9,46
19,447,31,10,9,47
40,448,9,10,9,48
40,449,9,10,9,49
40,450,9,10,9,50
NA,451,NA,1,10,1
NA,452,NA,1,10,2
31,453,43,10,10,3
31,454,43,10,10,4
31,455,43,10,10,5
31,456,43,10,10,6
31,457,43,10,10,7
31,458,43,10,10,8
NA,459,NA,1,10,9
NA,460,NA,1,10,10
NA,461,NA,1,10,11
NA,462,NA,1,10,12
NA,463,NA,1,10,13
NA,464,NA,1,10,14
NA,465,NA,1,10,15
NA,466,NA,1,10,16
NA,467,NA,1,10,17
NA,468,NA,1,10,18
NA,469,NA,1,10,19
18,470,35,10,10,20
18,471,35,10,10,21
18,472,35,10,10,22
18,473,35,10,10,23
18,474,35,10,10,24
43,475,46,10,10,25
43,476,46,10,10,26
43,477,46,10,10,27
43,478,46,10,10,28
43,479,46,10,10,29
NA,480,NA,1,10,30
39,481,50,10,10,31
7,482,34,10,10,32
39,483,50,10,10,33
39,484,50,10,10,34
39,485,50,10,10,35
39,486,50,10,10,36
39,487,50,10,10,37
39,488,50,10,10,38
39,489,50,10,10,39
NA,490,NA,1,10,40
NA,491,NA,1,10,41
NA,492,NA,1,10,42
NA,493,NA,1,10,43
37,494,10,10,10,44
37,495,10,10,10,45
19,496,31,10,10,46
19,497,31,10,10,47
19,498,31,10,10,48
40,499,9,10,10,49
40,500,9,10,10,50
NA,501,NA,1,11,1
31,502,43,10,11,2
31,503,43,10,11,3
31,504,43,10,11,4
31,505,43,10,11,5
31,506,43,10,11,6
31,507,43,10,11,7
31,508,43,10,11,8
31,509,43,10,11,9
NA,510,NA,1,11,10
NA,511,NA,1,11,11
NA,512,NA,1,11,12
NA,513,NA,1,11,13
NA,514,NA,1,11,14
NA,515,NA,1,11,15
NA,516,NA,1,11,16
NA,517,NA,1,11,17
NA,518,NA,1,11,18
18,519,35,10,11,19
18,520,35,10,11,20
18,521,35,10,11,21
18,522,35,10,11,22
18,523,35,10,11,23
18,524,35,10,11,24
18,525,35,10,11,25
43,526,46,10,11,26
43,527,46,10,11,27
43,528,46,10,11,28
NA,529,NA,1,11,29
39,530,50,10,11,30
39,531,50,10,11,31
39,532,50,10,11,32
39,533,50,10,11,33
39,534,50,10,11,34
39,535,50,10,11,35
39,536,50,10,11,36
39,537,50,10,11,37
39,538,50,10,11,38
39,539,50,10,11,39
39,540,50,10,11,40
NA,541,NA,1,11,41
NA,542,NA,1,11,42
NA,543,NA,1,11,43
NA,544,NA,1,11,44
NA,545,NA,1,11,45
19,546,31,10,11,46
19,547,31,10,11,47
19,548,31,10,11,48
19,549,31,10,11,49
40,550,9,10,11,50
NA,551,NA,1,12,1
31,552,43,10,12,2
31,553,43,10,12,3
31,554,43,10,12,4
31,555,43,10,12,5
31,556,43,10,12,6
31,557,43,10,12,7
31,558,43,10,12,8
31,559,43,10,12,9
31,560,43,10,12,10
NA,561,NA,1,12,11
NA,562,NA,1,12,12
NA,563,NA,1,12,13
NA,564,NA,1,12,14
NA,565,NA,1,12,15
NA,566,NA,1,12,16
NA,567,NA,1,12,17
18,568,35,10,12,18
18,569,35,10,12,19
18,570,35,10,12,20
18,571,35,10,12,21
18,572,35,10,12,22
18,573,35,10,12,23
18,574,35,10,12,24
NA,575,NA,1,12,25
43,576,46,10,12,26
NA,577,NA,1,12,27
NA,578,NA,1,12,28
NA,579,NA,1,12,29
NA,580,NA,1,12,30
39,581,50,10,12,31
39,582,50,10,12,32
39,583,50,10,12,33
39,584,50,10,12,34
39,585,50,10,12,35
39,586,50,10,12,36
39,587,50,10,12,37
39,588,50,10,12,38
39,589,50,10,12,39
39,590,50,10,12,40
39,591,50,10,12,41
NA,592,NA,1,12,42
NA,593,NA,1,12,43
NA,594,NA,1,12,44
NA,595,NA,1,12,45
19,596,31,10,12,46
19,597,31,10,12,47
19,598,31,10,12,48
19,599,31,10,12,49
40,600,9,10,12,50
NA,601,NA,1,13,1
NA,602,NA,1,13,2
31,603,43,10,13,3
NA,604,NA,1,13,4
31,605,43,10,13,5
31,606,43,10,13,6
31,607,43,10,13,7
31,608,43,10,13,8
31,609,43,10,13,9
31,610,43,10,13,10
NA,611,NA,1,13,11
NA,612,NA,1,13,12
NA,613,NA,1,13,13
NA,614,NA,1,13,14
NA,615,NA,1,13,15
NA,616,NA,1,13,16
18,617,35,10,13,17
18,618,35,10,13,18
18,619,35,10,13,19
18,620,35,10,13,20
18,621,35,10,13,21
18,622,35,10,13,22
18,623,35,10,13,23
NA,624,NA,1,13,24
NA,625,NA,1,13,25
NA,626,NA,1,13,26
NA,627,NA,1,13,27
36,628,37,10,13,28
36,629,37,10,13,29
NA,630,NA,1,13,30
NA,631,NA,1,13,31
39,632,50,10,13,32
39,633,50,10,13,33
39,634,50,10,13,34
39,635,50,10,13,35
34,636,37,10,13,36
34,637,37,10,13,37
39,638,50,10,13,38
39,639,50,10,13,39
39,640,50,10,13,40
39,641,50,10,13,41
NA,642,NA,1,13,42
NA,643,NA,1,13,43
NA,644,NA,1,13,44
NA,645,NA,1,13,45
19,646,31,10,13,46
19,647,31,10,13,47
19,648,31,10,13,48
19,649,31,10,13,49
NA,650,NA,1,13,50
NA,651,NA,1,14,1
NA,652,NA,1,14,2
NA,653,NA,1,14,3
NA,654,NA,1,14,4
31,655,43,10,14,5
31,656,43,10,14,6
31,657,43,10,14,7
31,658,43,10,14,8
31,659,43,10,14,9
31,660,43,10,14,10
NA,661,NA,1,14,11
NA,662,NA,1,14,12
NA,663,NA,1,14,13
NA,664,NA,1,14,14
NA,665,NA,1,14,15
NA,666,NA,1,14,16
NA,667,NA,1,14,17
18,668,35,10,14,18
18,669,35,10,14,19
18,670,35,10,14,20
18,671,35,10,14,21
18,672,35,10,14,22
NA,673,NA,1,14,23
NA,674,NA,1,14,24
NA,675,NA,1,14,25
NA,676,NA,1,14,26
36,677,37,10,14,27
36,678,37,10,14,28
36,679,37,10,14,29
36,680,37,10,14,30
36,681,37,10,14,31
NA,682,NA,1,14,32
NA,683,NA,1,14,33
39,684,50,10,14,34
34,685,37,10,14,35
34,686,37,10,14,36
34,687,37,10,14,37
34,688,37,10,14,38
NA,689,NA,1,14,39
39,690,50,10,14,40
NA,691,NA,1,14,41
NA,692,NA,1,14,42
NA,693,NA,1,14,43
NA,694,NA,1,14,44
NA,695,NA,1,14,45
19,696,31,10,14,46
19,697,31,10,14,47
19,698,31,10,14,48
19,699,31,10,14,49
NA,700,NA,1,14,50
NA,701,NA,1,15,1
NA,702,NA,1,15,2
NA,703,NA,1,15,3
NA,704,NA,1,15,4
NA,705,NA,1,15,5
31,706,43,10,15,6
NA,707,NA,1,15,7
NA,708,NA,1,15,8
31,709,43,10,15,9
NA,710,NA,1,15,10
NA,711,NA,1,15,11
NA,712,NA,1,15,12
NA,713,NA,1,15,13
NA,714,NA,1,15,14
NA,715,NA,1,15,15
NA,716,NA,1,15,16
NA,717,NA,1,15,17
NA,718,NA,1,15,18
16,719,24,10,15,19
18,720,35,10,15,20
18,721,35,10,15,21
32,722,30,10,15,22
NA,723,NA,1,15,23
NA,724,NA,1,15,24
NA,725,NA,1,15,25
NA,726,NA,1,15,26
NA,727,NA,1,15,27
36,728,37,10,15,28
36,729,37,10,15,29
36,730,37,10,15,30
36,731,37,10,15,31
36,732,37,10,15,32
NA,733,NA,1,15,33
34,734,37,10,15,34
34,735,37,10,15,35
34,736,37,10,15,36
34,737,37,10,15,37
34,738,37,10,15,38
34,739,37,10,15,39
NA,740,NA,1,15,40
NA,741,NA,1,15,41
NA,742,NA,1,15,42
NA,743,NA,1,15,43
NA,744,NA,1,15,44
NA,745,NA,1,15,45
NA,746,NA,1,15,46
19,747,31,10,15,47
19,748,31,10,15,48
19,749,31,10,15,49
19,750,31,10,15,50
NA,751,NA,1,16,1
NA,752,NA,1,16,2
NA,753,NA,1,16,3
NA,754,NA,1,16,4
NA,755,NA,1,16,5
NA,756,NA,1,16,6
NA,757,NA,1,16,7
33,758,8,10,16,8
33,759,8,10,16,9
NA,760,NA,1,16,10
NA,761,NA,1,16,11
NA,762,NA,1,16,12
NA,763,NA,1,16,13
NA,764,NA,1,16,14
NA,765,NA,1,16,15
NA,766,NA,1,16,16
NA,767,NA,1,16,17
16,768,24,10,16,18
16,769,24,10,16,19
16,770,24,10,16,20
32,771,30,10,16,21
32,772,30,10,16,22
32,773,30,10,16,23
32,774,30,10,16,24
NA,775,NA,1,16,25
NA,776,NA,1,16,26
NA,777,NA,1,16,27
36,778,37,10,16,28
36,779,37,10,16,29
36,780,37,10,16,30
36,781,37,10,16,31
36,782,37,10,16,32
34,783,37,10,16,33
34,784,37,10,16,34
34,785,37,10,16,35
34,786,37,10,16,36
34,787,37,10,16,37
34,788,37,10,16,38
34,789,37,10,16,39
NA,790,NA,1,16,40
NA,791,NA,1,16,41
NA,792,NA,1,16,42
NA,793,NA,1,16,43
NA,794,NA,1,16,44
NA,795,NA,1,16,45
38,796,34,10,16,46
19,797,31,10,16,47
19,798,31,10,16,48
19,799,31,10,16,49
NA,800,NA,1,16,50
NA,801,NA,1,17,1
NA,802,NA,1,17,2
NA,803,NA,1,17,3
NA,804,NA,1,17,4
NA,805,NA,1,17,5
NA,806,NA,1,17,6
33,807,8,10,17,7
33,808,8,10,17,8
33,809,8,10,17,9
33,810,8,10,17,10
NA,811,NA,1,17,11
NA,812,NA,1,17,12
NA,813,NA,1,17,13
NA,814,NA,1,17,14
NA,815,NA,1,17,15
8,816,32,10,17,16
NA,817,NA,1,17,17
16,818,24,10,17,18
16,819,24,10,17,19
16,820,24,10,17,20
32,821,30,10,17,21
32,822,30,10,17,22
32,823,30,10,17,23
32,824,30,10,17,24
32,825,30,10,17,25
NA,826,NA,1,17,26
36,827,37,10,17,27
36,828,37,10,17,28
36,829,37,10,17,29
36,830,37,10,17,30
36,831,37,10,17,31
36,832,37,10,17,32
34,833,37,10,17,33
34,834,37,10,17,34
34,835,37,10,17,35
34,836,37,10,17,36
34,837,37,10,17,37
34,838,37,10,17,38
34,839,37,10,17,39
NA,840,NA,1,17,40
NA,841,NA,1,17,41
NA,842,NA,1,17,42
NA,843,NA,1,17,43
NA,844,NA,1,17,44
38,845,34,10,17,45
38,846,34,10,17,46
19,847,31,10,17,47
19,848,31,10,17,48
19,849,31,10,17,49
38,850,34,10,17,50
NA,851,NA,1,18,1
NA,852,NA,1,18,2
NA,853,NA,1,18,3
NA,854,NA,1,18,4
NA,855,NA,1,18,5
NA,856,NA,1,18,6
NA,857,NA,1,18,7
33,858,8,10,18,8
33,859,8,10,18,9
NA,860,NA,1,18,10
NA,861,NA,1,18,11
NA,862,NA,1,18,12
8,863,32,10,18,13
8,864,32,10,18,14
8,865,32,10,18,15
8,866,32,10,18,16
8,867,32,10,18,17
16,868,24,10,18,18
16,869,24,10,18,19
16,870,24,10,18,20
32,871,30,10,18,21
32,872,30,10,18,22
32,873,30,10,18,23
32,874,30,10,18,24
32,875,30,10,18,25
36,876,37,10,18,26
36,877,37,10,18,27
36,878,37,10,18,28
36,879,37,10,18,29
36,880,37,10,18,30
36,881,37,10,18,31
NA,882,NA,1,18,32
NA,883,NA,1,18,33
34,884,37,10,18,34
NA,885,NA,1,18,35
34,886,37,10,18,36
34,887,37,10,18,37
34,888,37,10,18,38
34,889,37,10,18,39
NA,890,NA,1,18,40
NA,891,NA,1,18,41
15,892,29,10,18,42
NA,893,NA,1,18,43
NA,894,NA,1,18,44
38,895,34,10,18,45
38,896,34,10,18,46
38,897,34,10,18,47
19,898,31,10,18,48
38,899,34,10,18,49
38,900,34,10,18,50
NA,901,NA,1,19,1
NA,902,NA,1,19,2
NA,903,NA,1,19,3
NA,904,NA,1,19,4
NA,905,NA,1,19,5
NA,906,NA,1,19,6
NA,907,NA,1,19,7
NA,908,NA,1,19,8
NA,909,NA,1,19,9
NA,910,NA,1,19,10
NA,911,NA,1,19,11
8,912,32,10,19,12
8,913,32,10,19,13
8,914,32,10,19,14
8,915,32,10,19,15
8,916,32,10,19,16
8,917,32,10,19,17
16,918,24,10,19,18
16,919,24,10,19,19
16,920,24,10,19,20
32,921,30,10,19,21
32,922,30,10,19,22
32,923,30,10,19,23
32,924,30,10,19,24
32,925,30,10,19,25
32,926,30,10,19,26
36,927,37,10,19,27
36,928,37,10,19,28
36,929,37,10,19,29
36,930,37,10,19,30
36,931,37,10,19,31
36,932,37,10,19,32
NA,933,NA,1,19,33
3,934,20,10,19,34
NA,935,NA,1,19,35
NA,936,NA,1,19,36
34,937,37,10,19,37
34,938,37,10,19,38
34,939,37,10,19,39
15,940,29,10,19,40
15,941,29,10,19,41
15,942,29,10,19,42
15,943,29,10,19,43
NA,944,NA,1,19,44
NA,945,NA,1,19,45
38,946,34,10,19,46
38,947,34,10,19,47
38,948,34,10,19,48
38,949,34,10,19,49
38,950,34,10,19,50
NA,951,NA,1,20,1
NA,952,NA,1,20,2
NA,953,NA,1,20,3
NA,954,NA,1,20,4
NA,955,NA,1,20,5
NA,956,NA,1,20,6
NA,957,NA,1,20,7
NA,958,NA,1,20,8
NA,959,NA,1,20,9
NA,960,NA,1,20,10
NA,961,NA,1,20,11
8,962,32,10,20,12
8,963,32,10,20,13
8,964,32,10,20,14
8,965,32,10,20,15
8,966,32,10,20,16
8,967,32,10,20,17
8,968,32,10,20,18
16,969,24,10,20,19
16,970,24,10,20,20
32,971,30,10,20,21
32,972,30,10,20,22
32,973,30,10,20,23
32,974,30,10,20,24
32,975,30,10,20,25
41,976,27,10,20,26
41,977,27,10,20,27
41,978,27,10,20,28
41,979,27,10,20,29
36,980,37,10,20,30
36,981,37,10,20,31
3,982,20,10,20,32
3,983,20,10,20,33
3,984,20,10,20,34
3,985,20,10,20,35
NA,986,NA,1,20,36
34,987,37,10,20,37
34,988,37,10,20,38
15,989,29,10,20,39
15,990,29,10,20,40
15,991,29,10,20,41
15,992,29,10,20,42
15,993,29,10,20,43
NA,994,NA,1,20,44
NA,995,NA,1,20,45
NA,996,NA,1,20,46
38,997,34,10,20,47
38,998,34,10,20,48
38,999,34,10,20,49
38,1000,34,10,20,50
NA,1001,NA,1,21,1
NA,1002,NA,1,21,2
NA,1003,NA,1,21,3
NA,1004,NA,1,21,4
NA,1005,NA,1,21,5
NA,1006,NA,1,21,6
NA,1007,NA,1,21,7
NA,1008,NA,1,21,8
NA,1009,NA,1,21,9
NA,1010,NA,1,21,10
NA,1011,NA,1,21,11
8,1012,32,10,21,12
8,1013,32,10,21,13
8,1014,32,10,21,14
8,1015,32,10,21,15
8,1016,32,10,21,16
8,1017,32,10,21,17
16,1018,24,10,21,18
16,1019,24,10,21,19
16,1020,24,10,21,20
NA,1021,NA,1,21,21
32,1022,30,10,21,22
32,1023,30,10,21,23
32,1024,30,10,21,24
41,1025,27,10,21,25
41,1026,27,10,21,26
41,1027,27,10,21,27
41,1028,27,10,21,28
41,1029,27,10,21,29
41,1030,27,10,21,30
3,1031,20,10,21,31
3,1032,20,10,21,32
3,1033,20,10,21,33
3,1034,20,10,21,34
3,1035,20,10,21,35
NA,1036,NA,1,21,36
NA,1037,NA,1,21,37
34,1038,37,10,21,38
15,1039,29,10,21,39
15,1040,29,10,21,40
15,1041,29,10,21,41
15,1042,29,10,21,42
15,1043,29,10,21,43
NA,1044,NA,1,21,44
NA,1045,NA,1,21,45
NA,1046,NA,1,21,46
38,1047,34,10,21,47
38,1048,34,10,21,48
38,1049,34,10,21,49
38,1050,34,10,21,50
NA,1051,NA,1,22,1
NA,1052,NA,1,22,2
NA,1053,NA,1,22,3
NA,1054,NA,1,22,4
NA,1055,NA,1,22,5
NA,1056,NA,1,22,6
NA,1057,NA,1,22,7
NA,1058,NA,1,22,8
NA,1059,NA,1,22,9
NA,1060,NA,1,22,10
NA,1061,NA,1,22,11
NA,1062,NA,1,22,12
8,1063,32,10,22,13
8,1064,32,10,22,14
8,1065,32,10,22,15
NA,1066,NA,1,22,16
NA,1067,NA,1,22,17
16,1068,24,10,22,18
16,1069,24,10,22,19
16,1070,24,10,22,20
16,1071,24,10,22,21
NA,1072,NA,1,22,22
32,1073,30,10,22,23
NA,1074,NA,1,22,24
41,1075,27,10,22,25
41,1076,27,10,22,26
41,1077,27,10,22,27
41,1078,27,10,22,28
41,1079,27,10,22,29
41,1080,27,10,22,30
3,1081,20,10,22,31
3,1082,20,10,22,32
3,1083,20,10,22,33
3,1084,20,10,22,34
3,1085,20,10,22,35
3,1086,20,10,22,36
NA,1087,NA,1,22,37
15,1088,29,10,22,38
15,1089,29,10,22,39
15,1090,29,10,22,40
15,1091,29,10,22,41
15,1092,29,10,22,42
15,1093,29,10,22,43
NA,1094,NA,1,22,44
NA,1095,NA,1,22,45
38,1096,34,10,22,46
38,1097,34,10,22,47
38,1098,34,10,22,48
38,1099,34,10,22,49
38,1100,34,10,22,50
NA,1101,NA,1,23,1
NA,1102,NA,1,23,2
NA,1103,NA,1,23,3
NA,1104,NA,1,23,4
NA,1105,NA,1,23,5
NA,1106,NA,1,23,6
NA,1107,NA,1,23,7
11,1108,28,10,23,8
NA,1109,NA,1,23,9
NA,1110,NA,1,23,10
NA,1111,NA,1,23,11
NA,1112,NA,1,23,12
8,1113,32,10,23,13
8,1114,32,10,23,14
8,1115,32,10,23,15
NA,1116,NA,1,23,16
NA,1117,NA,1,23,17
NA,1118,NA,1,23,18
16,1119,24,10,23,19
16,1120,24,10,23,20
13,1121,39,10,23,21
NA,1122,NA,1,23,22
NA,1123,NA,1,23,23
13,1124,39,10,23,24
NA,1125,NA,1,23,25
41,1126,27,10,23,26
41,1127,27,10,23,27
41,1128,27,10,23,28
41,1129,27,10,23,29
41,1130,27,10,23,30
41,1131,27,10,23,31
3,1132,20,10,23,32
3,1133,20,10,23,33
3,1134,20,10,23,34
3,1135,20,10,23,35
NA,1136,NA,1,23,36
NA,1137,NA,1,23,37
NA,1138,NA,1,23,38
15,1139,29,10,23,39
15,1140,29,10,23,40
15,1141,29,10,23,41
15,1142,29,10,23,42
15,1143,29,10,23,43
15,1144,29,10,23,44
NA,1145,NA,1,23,45
38,1146,34,10,23,46
38,1147,34,10,23,47
38,1148,34,10,23,48
38,1149,34,10,23,49
38,1150,34,10,23,50
NA,1151,NA,1,24,1
NA,1152,NA,1,24,2
NA,1153,NA,1,24,3
NA,1154,NA,1,24,4
NA,1155,NA,1,24,5
NA,1156,NA,1,24,6
11,1157,28,10,24,7
11,1158,28,10,24,8
11,1159,28,10,24,9
NA,1160,NA,1,24,10
NA,1161,NA,1,24,11
NA,1162,NA,1,24,12
NA,1163,NA,1,24,13
8,1164,32,10,24,14
NA,1165,NA,1,24,15
NA,1166,NA,1,24,16
NA,1167,NA,1,24,17
NA,1168,NA,1,24,18
NA,1169,NA,1,24,19
13,1170,39,10,24,20
13,1171,39,10,24,21
13,1172,39,10,24,22
13,1173,39,10,24,23
13,1174,39,10,24,24
13,1175,39,10,24,25
NA,1176,NA,1,24,26
41,1177,27,10,24,27
41,1178,27,10,24,28
41,1179,27,10,24,29
41,1180,27,10,24,30
NA,1181,NA,1,24,31
NA,1182,NA,1,24,32
NA,1183,NA,1,24,33
NA,1184,NA,1,24,34
NA,1185,NA,1,24,35
NA,1186,NA,1,24,36
NA,1187,NA,1,24,37
NA,1188,NA,1,24,38
NA,1189,NA,1,24,39
NA,1190,NA,1,24,40
NA,1191,NA,1,24,41
15,1192,29,10,24,42
15,1193,29,10,24,43
NA,1194,NA,1,24,44
NA,1195,NA,1,24,45
NA,1196,NA,1,24,46
38,1197,34,10,24,47
NA,1198,NA,1,24,48
NA,1199,NA,1,24,49
38,1200,34,10,24,50
NA,1201,NA,1,25,1
NA,1202,NA,1,25,2
NA,1203,NA,1,25,3
NA,1204,NA,1,25,4
NA,1205,NA,1,25,5
11,1206,28,10,25,6
11,1207,28,10,25,7
11,1208,28,10,25,8
11,1209,28,10,25,9
11,1210,28,10,25,10
11,1211,28,10,25,11
NA,1212,NA,1,25,12
NA,1213,NA,1,25,13
NA,1214,NA,1,25,14
NA,1215,NA,1,25,15
NA,1216,NA,1,25,16
NA,1217,NA,1,25,17
NA,1218,NA,1,25,18
NA,1219,NA,1,25,19
13,1220,39,10,25,20
13,1221,39,10,25,21
13,1222,39,10,25,22
13,1223,39,10,25,23
13,1224,39,10,25,24
13,1225,39,10,25,25
NA,1226,NA,1,25,26
NA,1227,NA,1,25,27
41,1228,27,10,25,28
NA,1229,NA,1,25,29
NA,1230,NA,1,25,30
NA,1231,NA,1,25,31
NA,1232,NA,1,25,32
42,1233,35,10,25,33
42,1234,35,10,25,34
NA,1235,NA,1,25,35
NA,1236,NA,1,25,36
NA,1237,NA,1,25,37
NA,1238,NA,1,25,38
NA,1239,NA,1,25,39
NA,1240,NA,1,25,40
NA,1241,NA,1,25,41
NA,1242,NA,1,25,42
NA,1243,NA,1,25,43
NA,1244,NA,1,25,44
NA,1245,NA,1,25,45
NA,1246,NA,1,25,46
NA,1247,NA,1,25,47
NA,1248,NA,1,25,48
NA,1249,NA,1,25,49
NA,1250,NA,1,25,50
NA,1251,NA,1,26,1
NA,1252,NA,1,26,2
NA,1253,NA,1,26,3
NA,1254,NA,1,26,4
NA,1255,NA,1,26,5
11,1256,28,10,26,6
11,1257,28,10,26,7
11,1258,28,10,26,8
11,1259,28,10,26,9
11,1260,28,10,26,10
11,1261,28,10,26,11
11,1262,28,10,26,12
NA,1263,NA,1,26,13
NA,1264,NA,1,26,14
NA,1265,NA,1,26,15
NA,1266,NA,1,26,16
NA,1267,NA,1,26,17
NA,1268,NA,1,26,18
13,1269,39,10,26,19
13,1270,39,10,26,20
13,1271,39,10,26,21
13,1272,39,10,26,22
13,1273,39,10,26,23
13,1274,39,10,26,24
13,1275,39,10,26,25
NA,1276,NA,1,26,26
NA,1277,NA,1,26,27
NA,1278,NA,1,26,28
NA,1279,NA,1,26,29
NA,1280,NA,1,26,30
NA,1281,NA,1,26,31
42,1282,35,10,26,32
42,1283,35,10,26,33
42,1284,35,10,26,34
42,1285,35,10,26,35
NA,1286,NA,1,26,36
NA,1287,NA,1,26,37
NA,1288,NA,1,26,38
NA,1289,NA,1,26,39
NA,1290,NA,1,26,40
NA,1291,NA,1,26,41
NA,1292,NA,1,26,42
NA,1293,NA,1,26,43
NA,1294,NA,1,26,44
NA,1295,NA,1,26,45
NA,1296,NA,1,26,46
NA,1297,NA,1,26,47
NA,1298,NA,1,26,48
NA,1299,NA,1,26,49
NA,1300,NA,1,26,50
NA,1301,NA,1,27,1
NA,1302,NA,1,27,2
NA,1303,NA,1,27,3
NA,1304,NA,1,27,4
NA,1305,NA,1,27,5
NA,1306,NA,1,27,6
11,1307,28,10,27,7
11,1308,28,10,27,8
11,1309,28,10,27,9
11,1310,28,10,27,10
11,1311,28,10,27,11
NA,1312,NA,1,27,12
NA,1313,NA,1,27,13
NA,1314,NA,1,27,14
NA,1315,NA,1,27,15
NA,1316,NA,1,27,16
NA,1317,NA,1,27,17
35,1318,31,10,27,18
35,1319,31,10,27,19
13,1320,39,10,27,20
13,1321,39,10,27,21
13,1322,39,10,27,22
13,1323,39,10,27,23
13,1324,39,10,27,24
13,1325,39,10,27,25
NA,1326,NA,1,27,26
NA,1327,NA,1,27,27
NA,1328,NA,1,27,28
NA,1329,NA,1,27,29
NA,1330,NA,1,27,30
42,1331,35,10,27,31
42,1332,35,10,27,32
42,1333,35,10,27,33
42,1334,35,10,27,34
42,1335,35,10,27,35
NA,1336,NA,1,27,36
NA,1337,NA,1,27,37
NA,1338,NA,1,27,38
NA,1339,NA,1,27,39
NA,1340,NA,1,27,40
NA,1341,NA,1,27,41
NA,1342,NA,1,27,42
NA,1343,NA,1,27,43
NA,1344,NA,1,27,44
NA,1345,NA,1,27,45
NA,1346,NA,1,27,46
NA,1347,NA,1,27,47
NA,1348,NA,1,27,48
NA,1349,NA,1,27,49
NA,1350,NA,1,27,50
NA,1351,NA,1,28,1
NA,1352,NA,1,28,2
NA,1353,NA,1,28,3
25,1354,38,10,28,4
NA,1355,NA,1,28,5
NA,1356,NA,1,28,6
11,1357,28,10,28,7
11,1358,28,10,28,8
11,1359,28,10,28,9
11,1360,28,10,28,10
NA,1361,NA,1,28,11
NA,1362,NA,1,28,12
NA,1363,NA,1,28,13
12,1364,32,10,28,14
NA,1365,NA,1,28,15
NA,1366,NA,1,28,16
35,1367,31,10,28,17
35,1368,31,10,28,18
35,1369,31,10,28,19
35,1370,31,10,28,20
13,1371,39,10,28,21
13,1372,39,10,28,22
13,1373,39,10,28,23
13,1374,39,10,28,24
NA,1375,NA,1,28,25
NA,1376,NA,1,28,26
NA,1377,NA,1,28,27
NA,1378,NA,1,28,28
NA,1379,NA,1,28,29
42,1380,35,10,28,30
42,1381,35,10,28,31
42,1382,35,10,28,32
42,1383,35,10,28,33
42,1384,35,10,28,34
42,1385,35,10,28,35
42,1386,35,10,28,36
NA,1387,NA,1,28,37
NA,1388,NA,1,28,38
NA,1389,NA,1,28,39
NA,1390,NA,1,28,40
NA,1391,NA,1,28,41
NA,1392,NA,1,28,42
NA,1393,NA,1,28,43
NA,1394,NA,1,28,44
NA,1395,NA,1,28,45
NA,1396,NA,1,28,46
NA,1397,NA,1,28,47
NA,1398,NA,1,28,48
NA,1399,NA,1,28,49
NA,1400,NA,1,28,50
NA,1401,NA,1,29,1
NA,1402,NA,1,29,2
25,1403,38,10,29,3
25,1404,38,10,29,4
25,1405,38,10,29,5
25,1406,38,10,29,6
25,1407,38,10,29,7
11,1408,28,10,29,8
11,1409,28,10,29,9
NA,1410,NA,1,29,10
NA,1411,NA,1,29,11
12,1412,32,10,29,12
12,1413,32,10,29,13
12,1414,32,10,29,14
12,1415,32,10,29,15
35,1416,31,10,29,16
35,1417,31,10,29,17
35,1418,31,10,29,18
35,1419,31,10,29,19
13,1420,39,10,29,20
13,1421,39,10,29,21
13,1422,39,10,29,22
13,1423,39,10,29,23
NA,1424,NA,1,29,24
NA,1425,NA,1,29,25
NA,1426,NA,1,29,26
NA,1427,NA,1,29,27
NA,1428,NA,1,29,28
42,1429,35,10,29,29
42,1430,35,10,29,30
42,1431,35,10,29,31
42,1432,35,10,29,32
42,1433,35,10,29,33
42,1434,35,10,29,34
42,1435,35,10,29,35
NA,1436,NA,1,29,36
NA,1437,NA,1,29,37
NA,1438,NA,1,29,38
NA,1439,NA,1,29,39
NA,1440,NA,1,29,40
NA,1441,NA,1,29,41
NA,1442,NA,1,29,42
NA,1443,NA,1,29,43
NA,1444,NA,1,29,44
NA,1445,NA,1,29,45
NA,1446,NA,1,29,46
NA,1447,NA,1,29,47
NA,1448,NA,1,29,48
NA,1449,NA,1,29,49
NA,1450,NA,1,29,50
NA,1451,NA,1,30,1
25,1452,38,10,30,2
25,1453,38,10,30,3
25,1454,38,10,30,4
25,1455,38,10,30,5
25,1456,38,10,30,6
25,1457,38,10,30,7
25,1458,38,10,30,8
25,1459,38,10,30,9
NA,1460,NA,1,30,10
12,1461,32,10,30,11
12,1462,32,10,30,12
12,1463,32,10,30,13
12,1464,32,10,30,14
12,1465,32,10,30,15
12,1466,32,10,30,16
35,1467,31,10,30,17
35,1468,31,10,30,18
35,1469,31,10,30,19
13,1470,39,10,30,20
13,1471,39,10,30,21
13,1472,39,10,30,22
NA,1473,NA,1,30,23
NA,1474,NA,1,30,24
NA,1475,NA,1,30,25
NA,1476,NA,1,30,26
NA,1477,NA,1,30,27
NA,1478,NA,1,30,28
NA,1479,NA,1,30,29
42,1480,35,10,30,30
42,1481,35,10,30,31
42,1482,35,10,30,32
42,1483,35,10,30,33
42,1484,35,10,30,34
42,1485,35,10,30,35
24,1486,17,10,30,36
24,1487,17,10,30,37
NA,1488,NA,1,30,38
NA,1489,NA,1,30,39
NA,1490,NA,1,30,40
NA,1491,NA,1,30,41
NA,1492,NA,1,30,42
NA,1493,NA,1,30,43
NA,1494,NA,1,30,44
NA,1495,NA,1,30,45
NA,1496,NA,1,30,46
NA,1497,NA,1,30,47
NA,1498,NA,1,30,48
NA,1499,NA,1,30,49
NA,1500,NA,1,30,50
25,1501,38,10,31,1
25,1502,38,10,31,2
25,1503,38,10,31,3
25,1504,38,10,31,4
25,1505,38,10,31,5
25,1506,38,10,31,6
25,1507,38,10,31,7
25,1508,38,10,31,8
NA,1509,NA,1,31,9
NA,1510,NA,1,31,10
12,1511,32,10,31,11
12,1512,32,10,31,12
12,1513,32,10,31,13
12,1514,32,10,31,14
12,1515,32,10,31,15
12,1516,32,10,31,16
12,1517,32,10,31,17
35,1518,31,10,31,18
35,1519,31,10,31,19
35,1520,31,10,31,20
13,1521,39,10,31,21
NA,1522,NA,1,31,22
NA,1523,NA,1,31,23
NA,1524,NA,1,31,24
NA,1525,NA,1,31,25
NA,1526,NA,1,31,26
NA,1527,NA,1,31,27
NA,1528,NA,1,31,28
NA,1529,NA,1,31,29
NA,1530,NA,1,31,30
NA,1531,NA,1,31,31
42,1532,35,10,31,32
42,1533,35,10,31,33
42,1534,35,10,31,34
24,1535,17,10,31,35
24,1536,17,10,31,36
24,1537,17,10,31,37
24,1538,17,10,31,38
24,1539,17,10,31,39
NA,1540,NA,1,31,40
NA,1541,NA,1,31,41
NA,1542,NA,1,31,42
NA,1543,NA,1,31,43
NA,1544,NA,1,31,44
NA,1545,NA,1,31,45
NA,1546,NA,1,31,46
NA,1547,NA,1,31,47
NA,1548,NA,1,31,48
NA,1549,NA,1,31,49
NA,1550,NA,1,31,50
25,1551,38,10,32,1
25,1552,38,10,32,2
25,1553,38,10,32,3
25,1554,38,10,32,4
25,1555,38,10,32,5
NA,1556,NA,1,32,6
NA,1557,NA,1,32,7
NA,1558,NA,1,32,8
NA,1559,NA,1,32,9
12,1560,32,10,32,10
12,1561,32,10,32,11
12,1562,32,10,32,12
12,1563,32,10,32,13
12,1564,32,10,32,14
12,1565,32,10,32,15
12,1566,32,10,32,16
12,1567,32,10,32,17
35,1568,31,10,32,18
35,1569,31,10,32,19
35,1570,31,10,32,20
35,1571,31,10,32,21
35,1572,31,10,32,22
NA,1573,NA,1,32,23
NA,1574,NA,1,32,24
NA,1575,NA,1,32,25
NA,1576,NA,1,32,26
NA,1577,NA,1,32,27
NA,1578,NA,1,32,28
NA,1579,NA,1,32,29
NA,1580,NA,1,32,30
NA,1581,NA,1,32,31
NA,1582,NA,1,32,32
NA,1583,NA,1,32,33
42,1584,35,10,32,34
24,1585,17,10,32,35
24,1586,17,10,32,36
24,1587,17,10,32,37
24,1588,17,10,32,38
24,1589,17,10,32,39
24,1590,17,10,32,40
NA,1591,NA,1,32,41
NA,1592,NA,1,32,42
NA,1593,NA,1,32,43
NA,1594,NA,1,32,44
NA,1595,NA,1,32,45
4,1596,22,10,32,46
NA,1597,NA,1,32,47
NA,1598,NA,1,32,48
NA,1599,NA,1,32,49
NA,1600,NA,1,32,50
25,1601,38,10,33,1
25,1602,38,10,33,2
25,1603,38,10,33,3
25,1604,38,10,33,4
25,1605,38,10,33,5
NA,1606,NA,1,33,6
NA,1607,NA,1,33,7
NA,1608,NA,1,33,8
NA,1609,NA,1,33,9
NA,1610,NA,1,33,10
12,1611,32,10,33,11
12,1612,32,10,33,12
NA,1613,NA,1,33,13
12,1614,32,10,33,14
12,1615,32,10,33,15
12,1616,32,10,33,16
35,1617,31,10,33,17
35,1618,31,10,33,18
35,1619,31,10,33,19
35,1620,31,10,33,20
35,1621,31,10,33,21
35,1622,31,10,33,22
NA,1623,NA,1,33,23
NA,1624,NA,1,33,24
NA,1625,NA,1,33,25
NA,1626,NA,1,33,26
NA,1627,NA,1,33,27
NA,1628,NA,1,33,28
NA,1629,NA,1,33,29
NA,1630,NA,1,33,30
NA,1631,NA,1,33,31
NA,1632,NA,1,33,32
NA,1633,NA,1,33,33
NA,1634,NA,1,33,34
NA,1635,NA,1,33,35
24,1636,17,10,33,36
24,1637,17,10,33,37
24,1638,17,10,33,38
24,1639,17,10,33,39
NA,1640,NA,1,33,40
NA,1641,NA,1,33,41
NA,1642,NA,1,33,42
NA,1643,NA,1,33,43
NA,1644,NA,1,33,44
4,1645,22,10,33,45
4,1646,22,10,33,46
4,1647,22,10,33,47
NA,1648,NA,1,33,48
NA,1649,NA,1,33,49
NA,1650,NA,1,33,50
NA,1651,NA,1,34,1
25,1652,38,10,34,2
25,1653,38,10,34,3
25,1654,38,10,34,4
25,1655,38,10,34,5
NA,1656,NA,1,34,6
NA,1657,NA,1,34,7
NA,1658,NA,1,34,8
NA,1659,NA,1,34,9
NA,1660,NA,1,34,10
NA,1661,NA,1,34,11
NA,1662,NA,1,34,12
NA,1663,NA,1,34,13
NA,1664,NA,1,34,14
12,1665,32,10,34,15
35,1666,31,10,34,16
35,1667,31,10,34,17
35,1668,31,10,34,18
21,1669,24,10,34,19
21,1670,24,10,34,20
21,1671,24,10,34,21
21,1672,24,10,34,22
NA,1673,NA,1,34,23
NA,1674,NA,1,34,24
NA,1675,NA,1,34,25
NA,1676,NA,1,34,26
NA,1677,NA,1,34,27
NA,1678,NA,1,34,28
NA,1679,NA,1,34,29
NA,1680,NA,1,34,30
NA,1681,NA,1,34,31
NA,1682,NA,1,34,32
NA,1683,NA,1,34,33
NA,1684,NA,1,34,34
NA,1685,NA,1,34,35
NA,1686,NA,1,34,36
NA,1687,NA,1,34,37
NA,1688,NA,1,34,38
NA,1689,NA,1,34,39
NA,1690,NA,1,34,40
NA,1691,NA,1,34,41
NA,1692,NA,1,34,42
NA,1693,NA,1,34,43
4,1694,22,10,34,44
4,1695,22,10,34,45
4,1696,22,10,34,46
4,1697,22,10,34,47
NA,1698,NA,1,34,48
NA,1699,NA,1,34,49
NA,1700,NA,1,34,50
NA,1701,NA,1,35,1
NA,1702,NA,1,35,2
25,1703,38,10,35,3
25,1704,38,10,35,4
30,1705,36,10,35,5
30,1706,36,10,35,6
30,1707,36,10,35,7
NA,1708,NA,1,35,8
NA,1709,NA,1,35,9
NA,1710,NA,1,35,10
NA,1711,NA,1,35,11
NA,1712,NA,1,35,12
NA,1713,NA,1,35,13
NA,1714,NA,1,35,14
NA,1715,NA,1,35,15
NA,1716,NA,1,35,16
35,1717,31,10,35,17
21,1718,24,10,35,18
21,1719,24,10,35,19
21,1720,24,10,35,20
21,1721,24,10,35,21
21,1722,24,10,35,22
21,1723,24,10,35,23
NA,1724,NA,1,35,24
NA,1725,NA,1,35,25
9,1726,23,10,35,26
9,1727,23,10,35,27
NA,1728,NA,1,35,28
NA,1729,NA,1,35,29
NA,1730,NA,1,35,30
NA,1731,NA,1,35,31
NA,1732,NA,1,35,32
NA,1733,NA,1,35,33
NA,1734,NA,1,35,34
NA,1735,NA,1,35,35
NA,1736,NA,1,35,36
NA,1737,NA,1,35,37
NA,1738,NA,1,35,38
NA,1739,NA,1,35,39
1,1740,44,10,35,40
1,1741,44,10,35,41
NA,1742,NA,1,35,42
4,1743,22,10,35,43
4,1744,22,10,35,44
4,1745,22,10,35,45
4,1746,22,10,35,46
4,1747,22,10,35,47
4,1748,22,10,35,48
NA,1749,NA,1,35,49
NA,1750,NA,1,35,50
NA,1751,NA,1,36,1
NA,1752,NA,1,36,2
30,1753,36,10,36,3
30,1754,36,10,36,4
30,1755,36,10,36,5
30,1756,36,10,36,6
30,1757,36,10,36,7
30,1758,36,10,36,8
30,1759,36,10,36,9
NA,1760,NA,1,36,10
NA,1761,NA,1,36,11
NA,1762,NA,1,36,12
NA,1763,NA,1,36,13
NA,1764,NA,1,36,14
NA,1765,NA,1,36,15
NA,1766,NA,1,36,16
NA,1767,NA,1,36,17
21,1768,24,10,36,18
21,1769,24,10,36,19
21,1770,24,10,36,20
21,1771,24,10,36,21
21,1772,24,10,36,22
21,1773,24,10,36,23
21,1774,24,10,36,24
9,1775,23,10,36,25
9,1776,23,10,36,26
9,1777,23,10,36,27
9,1778,23,10,36,28
9,1779,23,10,36,29
NA,1780,NA,1,36,30
NA,1781,NA,1,36,31
NA,1782,NA,1,36,32
NA,1783,NA,1,36,33
NA,1784,NA,1,36,34
NA,1785,NA,1,36,35
NA,1786,NA,1,36,36
NA,1787,NA,1,36,37
1,1788,44,10,36,38
1,1789,44,10,36,39
1,1790,44,10,36,40
1,1791,44,10,36,41
1,1792,44,10,36,42
NA,1793,NA,1,36,43
4,1794,22,10,36,44
4,1795,22,10,36,45
4,1796,22,10,36,46
4,1797,22,10,36,47
NA,1798,NA,1,36,48
NA,1799,NA,1,36,49
NA,1800,NA,1,36,50
NA,1801,NA,1,37,1
30,1802,36,10,37,2
30,1803,36,10,37,3
30,1804,36,10,37,4
30,1805,36,10,37,5
30,1806,36,10,37,6
30,1807,36,10,37,7
30,1808,36,10,37,8
30,1809,36,10,37,9
30,1810,36,10,37,10
NA,1811,NA,1,37,11
NA,1812,NA,1,37,12
NA,1813,NA,1,37,13
NA,1814,NA,1,37,14
20,1815,15,10,37,15
NA,1816,NA,1,37,16
NA,1817,NA,1,37,17
NA,1818,NA,1,37,18
21,1819,24,10,37,19
21,1820,24,10,37,20
21,1821,24,10,37,21
21,1822,24,10,37,22
21,1823,24,10,37,23
NA,1824,NA,1,37,24
NA,1825,NA,1,37,25
9,1826,23,10,37,26
9,1827,23,10,37,27
9,1828,23,10,37,28
9,1829,23,10,37,29
9,1830,23,10,37,30
NA,1831,NA,1,37,31
NA,1832,NA,1,37,32
NA,1833,NA,1,37,33
NA,1834,NA,1,37,34
NA,1835,NA,1,37,35
NA,1836,NA,1,37,36
1,1837,44,10,37,37
1,1838,44,10,37,38
1,1839,44,10,37,39
1,1840,44,10,37,40
1,1841,44,10,37,41
1,1842,44,10,37,42
1,1843,44,10,37,43
1,1844,44,10,37,44
4,1845,22,10,37,45
4,1846,22,10,37,46
4,1847,22,10,37,47
NA,1848,NA,1,37,48
NA,1849,NA,1,37,49
NA,1850,NA,1,37,50
NA,1851,NA,1,38,1
30,1852,36,10,38,2
30,1853,36,10,38,3
30,1854,36,10,38,4
30,1855,36,10,38,5
30,1856,36,10,38,6
30,1857,36,10,38,7
30,1858,36,10,38,8
30,1859,36,10,38,9
NA,1860,NA,1,38,10
NA,1861,NA,1,38,11
NA,1862,NA,1,38,12
NA,1863,NA,1,38,13
20,1864,15,10,38,14
20,1865,15,10,38,15
20,1866,15,10,38,16
NA,1867,NA,1,38,17
NA,1868,NA,1,38,18
NA,1869,NA,1,38,19
21,1870,24,10,38,20
NA,1871,NA,1,38,21
21,1872,24,10,38,22
NA,1873,NA,1,38,23
NA,1874,NA,1,38,24
NA,1875,NA,1,38,25
NA,1876,NA,1,38,26
9,1877,23,10,38,27
9,1878,23,10,38,28
9,1879,23,10,38,29
NA,1880,NA,1,38,30
NA,1881,NA,1,38,31
NA,1882,NA,1,38,32
NA,1883,NA,1,38,33
NA,1884,NA,1,38,34
NA,1885,NA,1,38,35
NA,1886,NA,1,38,36
NA,1887,NA,1,38,37
1,1888,44,10,38,38
1,1889,44,10,38,39
1,1890,44,10,38,40
1,1891,44,10,38,41
1,1892,44,10,38,42
1,1893,44,10,38,43
1,1894,44,10,38,44
1,1895,44,10,38,45
4,1896,22,10,38,46
NA,1897,NA,1,38,47
NA,1898,NA,1,38,48
NA,1899,NA,1,38,49
NA,1900,NA,1,38,50
NA,1901,NA,1,39,1
30,1902,36,10,39,2
30,1903,36,10,39,3
30,1904,36,10,39,4
30,1905,36,10,39,5
30,1906,36,10,39,6
30,1907,36,10,39,7
30,1908,36,10,39,8
NA,1909,NA,1,39,9
NA,1910,NA,1,39,10
NA,1911,NA,1,39,11
NA,1912,NA,1,39,12
20,1913,15,10,39,13
20,1914,15,10,39,14
20,1915,15,10,39,15
20,1916,15,10,39,16
NA,1917,NA,1,39,17
NA,1918,NA,1,39,18
NA,1919,NA,1,39,19
NA,1920,NA,1,39,20
NA,1921,NA,1,39,21
NA,1922,NA,1,39,22
NA,1923,NA,1,39,23
NA,1924,NA,1,39,24
NA,1925,NA,1,39,25
NA,1926,NA,1,39,26
9,1927,23,10,39,27
9,1928,23,10,39,28
9,1929,23,10,39,29
9,1930,23,10,39,30
29,1931,40,10,39,31
NA,1932,NA,1,39,32
NA,1933,NA,1,39,33
NA,1934,NA,1,39,34
NA,1935,NA,1,39,35
NA,1936,NA,1,39,36
NA,1937,NA,1,39,37
NA,1938,NA,1,39,38
1,1939,44,10,39,39
1,1940,44,10,39,40
1,1941,44,10,39,41
1,1942,44,10,39,42
1,1943,44,10,39,43
1,1944,44,10,39,44
1,1945,44,10,39,45
NA,1946,NA,1,39,46
NA,1947,NA,1,39,47
NA,1948,NA,1,39,48
NA,1949,NA,1,39,49
NA,1950,NA,1,39,50
NA,1951,NA,1,40,1
NA,1952,NA,1,40,2
22,1953,31,10,40,3
22,1954,31,10,40,4
22,1955,31,10,40,5
30,1956,36,10,40,6
30,1957,36,10,40,7
NA,1958,NA,1,40,8
NA,1959,NA,1,40,9
NA,1960,NA,1,40,10
26,1961,33,10,40,11
26,1962,33,10,40,12
NA,1963,NA,1,40,13
20,1964,15,10,40,14
20,1965,15,10,40,15
20,1966,15,10,40,16
NA,1967,NA,1,40,17
NA,1968,NA,1,40,18
NA,1969,NA,1,40,19
NA,1970,NA,1,40,20
NA,1971,NA,1,40,21
NA,1972,NA,1,40,22
NA,1973,NA,1,40,23
NA,1974,NA,1,40,24
NA,1975,NA,1,40,25
NA,1976,NA,1,40,26
9,1977,23,10,40,27
9,1978,23,10,40,28
9,1979,23,10,40,29
29,1980,40,10,40,30
29,1981,40,10,40,31
29,1982,40,10,40,32
NA,1983,NA,1,40,33
NA,1984,NA,1,40,34
NA,1985,NA,1,40,35
NA,1986,NA,1,40,36
NA,1987,NA,1,40,37
NA,1988,NA,1,40,38
NA,1989,NA,1,40,39
1,1990,44,10,40,40
1,1991,44,10,40,41
1,1992,44,10,40,42
1,1993,44,10,40,43
1,1994,44,10,40,44
1,1995,44,10,40,45
NA,1996,NA,1,40,46
NA,1997,NA,1,40,47
NA,1998,NA,1,40,48
NA,1999,NA,1,40,49
NA,2000,NA,1,40,50
NA,2001,NA,1,41,1
22,2002,31,10,41,2
22,2003,31,10,41,3
22,2004,31,10,41,4
22,2005,31,10,41,5
22,2006,31,10,41,6
22,2007,31,10,41,7
22,2008,31,10,41,8
NA,2009,NA,1,41,9
26,2010,33,10,41,10
26,2011,33,10,41,11
26,2012,33,10,41,12
26,2013,33,10,41,13
20,2014,15,10,41,14
20,2015,15,10,41,15
20,2016,15,10,41,16
NA,2017,NA,1,41,17
NA,2018,NA,1,41,18
NA,2019,NA,1,41,19
NA,2020,NA,1,41,20
NA,2021,NA,1,41,21
NA,2022,NA,1,41,22
NA,2023,NA,1,41,23
NA,2024,NA,1,41,24
NA,2025,NA,1,41,25
NA,2026,NA,1,41,26
NA,2027,NA,1,41,27
9,2028,23,10,41,28
NA,2029,NA,1,41,29
29,2030,40,10,41,30
29,2031,40,10,41,31
29,2032,40,10,41,32
NA,2033,NA,1,41,33
NA,2034,NA,1,41,34
NA,2035,NA,1,41,35
NA,2036,NA,1,41,36
NA,2037,NA,1,41,37
NA,2038,NA,1,41,38
14,2039,17,10,41,39
14,2040,17,10,41,40
1,2041,44,10,41,41
1,2042,44,10,41,42
1,2043,44,10,41,43
1,2044,44,10,41,44
1,2045,44,10,41,45
1,2046,44,10,41,46
NA,2047,NA,1,41,47
NA,2048,NA,1,41,48
NA,2049,NA,1,41,49
28,2050,37,10,41,50
NA,2051,NA,1,42,1
22,2052,31,10,42,2
22,2053,31,10,42,3
22,2054,31,10,42,4
22,2055,31,10,42,5
22,2056,31,10,42,6
22,2057,31,10,42,7
22,2058,31,10,42,8
22,2059,31,10,42,9
26,2060,33,10,42,10
26,2061,33,10,42,11
26,2062,33,10,42,12
26,2063,33,10,42,13
26,2064,33,10,42,14
20,2065,15,10,42,15
NA,2066,NA,1,42,16
NA,2067,NA,1,42,17
NA,2068,NA,1,42,18
NA,2069,NA,1,42,19
NA,2070,NA,1,42,20
NA,2071,NA,1,42,21
NA,2072,NA,1,42,22
NA,2073,NA,1,42,23
NA,2074,NA,1,42,24
NA,2075,NA,1,42,25
NA,2076,NA,1,42,26
NA,2077,NA,1,42,27
NA,2078,NA,1,42,28
NA,2079,NA,1,42,29
29,2080,40,10,42,30
29,2081,40,10,42,31
29,2082,40,10,42,32
29,2083,40,10,42,33
NA,2084,NA,1,42,34
NA,2085,NA,1,42,35
NA,2086,NA,1,42,36
NA,2087,NA,1,42,37
14,2088,17,10,42,38
14,2089,17,10,42,39
14,2090,17,10,42,40
14,2091,17,10,42,41
14,2092,17,10,42,42
NA,2093,NA,1,42,43
1,2094,44,10,42,44
1,2095,44,10,42,45
NA,2096,NA,1,42,46
NA,2097,NA,1,42,47
NA,2098,NA,1,42,48
28,2099,37,10,42,49
28,2100,37,10,42,50
NA,2101,NA,1,43,1
NA,2102,NA,1,43,2
22,2103,31,10,43,3
22,2104,31,10,43,4
22,2105,31,10,43,5
22,2106,31,10,43,6
22,2107,31,10,43,7
22,2108,31,10,43,8
NA,2109,NA,1,43,9
26,2110,33,10,43,10
26,2111,33,10,43,11
26,2112,33,10,43,12
26,2113,33,10,43,13
26,2114,33,10,43,14
26,2115,33,10,43,15
26,2116,33,10,43,16
NA,2117,NA,1,43,17
NA,2118,NA,1,43,18
NA,2119,NA,1,43,19
NA,2120,NA,1,43,20
NA,2121,NA,1,43,21
NA,2122,NA,1,43,22
NA,2123,NA,1,43,23
NA,2124,NA,1,43,24
NA,2125,NA,1,43,25
NA,2126,NA,1,43,26
NA,2127,NA,1,43,27
NA,2128,NA,1,43,28
NA,2129,NA,1,43,29
29,2130,40,10,43,30
29,2131,40,10,43,31
29,2132,40,10,43,32
29,2133,40,10,43,33
NA,2134,NA,1,43,34
NA,2135,NA,1,43,35
NA,2136,NA,1,43,36
14,2137,17,10,43,37
14,2138,17,10,43,38
14,2139,17,10,43,39
14,2140,17,10,43,40
14,2141,17,10,43,41
14,2142,17,10,43,42
NA,2143,NA,1,43,43
NA,2144,NA,1,43,44
NA,2145,NA,1,43,45
28,2146,37,10,43,46
28,2147,37,10,43,47
28,2148,37,10,43,48
28,2149,37,10,43,49
28,2150,37,10,43,50
NA,2151,NA,1,44,1
NA,2152,NA,1,44,2
NA,2153,NA,1,44,3
22,2154,31,10,44,4
22,2155,31,10,44,5
22,2156,31,10,44,6
NA,2157,NA,1,44,7
NA,2158,NA,1,44,8
NA,2159,NA,1,44,9
NA,2160,NA,1,44,10
26,2161,33,10,44,11
26,2162,33,10,44,12
26,2163,33,10,44,13
26,2164,33,10,44,14
26,2165,33,10,44,15
NA,2166,NA,1,44,16
NA,2167,NA,1,44,17
NA,2168,NA,1,44,18
NA,2169,NA,1,44,19
NA,2170,NA,1,44,20
NA,2171,NA,1,44,21
NA,2172,NA,1,44,22
NA,2173,NA,1,44,23
NA,2174,NA,1,44,24
NA,2175,NA,1,44,25
NA,2176,NA,1,44,26
NA,2177,NA,1,44,27
NA,2178,NA,1,44,28
29,2179,40,10,44,29
29,2180,40,10,44,30
29,2181,40,10,44,31
29,2182,40,10,44,32
29,2183,40,10,44,33
29,2184,40,10,44,34
29,2185,40,10,44,35
NA,2186,NA,1,44,36
NA,2187,NA,1,44,37
14,2188,17,10,44,38
14,2189,17,10,44,39
14,2190,17,10,44,40
14,2191,17,10,44,41
NA,2192,NA,1,44,42
NA,2193,NA,1,44,43
NA,2194,NA,1,44,44
28,2195,37,10,44,45
28,2196,37,10,44,46
28,2197,37,10,44,47
28,2198,37,10,44,48
28,2199,37,10,44,49
28,2200,37,10,44,50
NA,2201,NA,1,45,1
NA,2202,NA,1,45,2
NA,2203,NA,1,45,3
22,2204,31,10,45,4
22,2205,31,10,45,5
22,2206,31,10,45,6
NA,2207,NA,1,45,7
NA,2208,NA,1,45,8
NA,2209,NA,1,45,9
NA,2210,NA,1,45,10
26,2211,33,10,45,11
26,2212,33,10,45,12
26,2213,33,10,45,13
26,2214,33,10,45,14
26,2215,33,10,45,15
NA,2216,NA,1,45,16
NA,2217,NA,1,45,17
NA,2218,NA,1,45,18
NA,2219,NA,1,45,19
NA,2220,NA,1,45,20
NA,2221,NA,1,45,21
NA,2222,NA,1,45,22
NA,2223,NA,1,45,23
NA,2224,NA,1,45,24
NA,2225,NA,1,45,25
NA,2226,NA,1,45,26
NA,2227,NA,1,45,27
NA,2228,NA,1,45,28
29,2229,40,10,45,29
29,2230,40,10,45,30
29,2231,40,10,45,31
29,2232,40,10,45,32
29,2233,40,10,45,33
29,2234,40,10,45,34
29,2235,40,10,45,35
29,2236,40,10,45,36
NA,2237,NA,1,45,37
NA,2238,NA,1,45,38
NA,2239,NA,1,45,39
NA,2240,NA,1,45,40
NA,2241,NA,1,45,41
NA,2242,NA,1,45,42
NA,2243,NA,1,45,43
NA,2244,NA,1,45,44
NA,2245,NA,1,45,45
28,2246,37,10,45,46
28,2247,37,10,45,47
28,2248,37,10,45,48
28,2249,37,10,45,49
28,2250,37,10,45,50
NA,2251,NA,1,46,1
NA,2252,NA,1,46,2
NA,2253,NA,1,46,3
NA,2254,NA,1,46,4
22,2255,31,10,46,5
NA,2256,NA,1,46,6
NA,2257,NA,1,46,7
NA,2258,NA,1,46,8
NA,2259,NA,1,46,9
NA,2260,NA,1,46,10
NA,2261,NA,1,46,11
26,2262,33,10,46,12
26,2263,33,10,46,13
26,2264,33,10,46,14
26,2265,33,10,46,15
NA,2266,NA,1,46,16
NA,2267,NA,1,46,17
NA,2268,NA,1,46,18
NA,2269,NA,1,46,19
NA,2270,NA,1,46,20
NA,2271,NA,1,46,21
NA,2272,NA,1,46,22
NA,2273,NA,1,46,23
NA,2274,NA,1,46,24
NA,2275,NA,1,46,25
NA,2276,NA,1,46,26
NA,2277,NA,1,46,27
NA,2278,NA,1,46,28
23,2279,36,10,46,29
29,2280,40,10,46,30
29,2281,40,10,46,31
29,2282,40,10,46,32
29,2283,40,10,46,33
29,2284,40,10,46,34
29,2285,40,10,46,35
29,2286,40,10,46,36
29,2287,40,10,46,37
NA,2288,NA,1,46,38
NA,2289,NA,1,46,39
6,2290,36,10,46,40
6,2291,36,10,46,41
NA,2292,NA,1,46,42
6,2293,36,10,46,43
NA,2294,NA,1,46,44
6,2295,36,10,46,45
28,2296,37,10,46,46
28,2297,37,10,46,47
28,2298,37,10,46,48
28,2299,37,10,46,49
28,2300,37,10,46,50
NA,2301,NA,1,47,1
NA,2302,NA,1,47,2
NA,2303,NA,1,47,3
NA,2304,NA,1,47,4
NA,2305,NA,1,47,5
NA,2306,NA,1,47,6
NA,2307,NA,1,47,7
NA,2308,NA,1,47,8
NA,2309,NA,1,47,9
NA,2310,NA,1,47,10
NA,2311,NA,1,47,11
NA,2312,NA,1,47,12
NA,2313,NA,1,47,13
26,2314,33,10,47,14
NA,2315,NA,1,47,15
NA,2316,NA,1,47,16
NA,2317,NA,1,47,17
NA,2318,NA,1,47,18
NA,2319,NA,1,47,19
NA,2320,NA,1,47,20
NA,2321,NA,1,47,21
NA,2322,NA,1,47,22
NA,2323,NA,1,47,23
NA,2324,NA,1,47,24
NA,2325,NA,1,47,25
NA,2326,NA,1,47,26
NA,2327,NA,1,47,27
23,2328,36,10,47,28
23,2329,36,10,47,29
23,2330,36,10,47,30
23,2331,36,10,47,31
23,2332,36,10,47,32
23,2333,36,10,47,33
23,2334,36,10,47,34
29,2335,40,10,47,35
29,2336,40,10,47,36
NA,2337,NA,1,47,37
NA,2338,NA,1,47,38
6,2339,36,10,47,39
6,2340,36,10,47,40
6,2341,36,10,47,41
6,2342,36,10,47,42
6,2343,36,10,47,43
6,2344,36,10,47,44
6,2345,36,10,47,45
6,2346,36,10,47,46
28,2347,37,10,47,47
28,2348,37,10,47,48
28,2349,37,10,47,49
28,2350,37,10,47,50
NA,2351,NA,1,48,1
NA,2352,NA,1,48,2
NA,2353,NA,1,48,3
NA,2354,NA,1,48,4
NA,2355,NA,1,48,5
NA,2356,NA,1,48,6
NA,2357,NA,1,48,7
NA,2358,NA,1,48,8
NA,2359,NA,1,48,9
NA,2360,NA,1,48,10
NA,2361,NA,1,48,11
NA,2362,NA,1,48,12
NA,2363,NA,1,48,13
NA,2364,NA,1,48,14
NA,2365,NA,1,48,15
NA,2366,NA,1,48,16
NA,2367,NA,1,48,17
NA,2368,NA,1,48,18
NA,2369,NA,1,48,19
NA,2370,NA,1,48,20
NA,2371,NA,1,48,21
NA,2372,NA,1,48,22
NA,2373,NA,1,48,23
NA,2374,NA,1,48,24
NA,2375,NA,1,48,25
23,2376,36,10,48,26
23,2377,36,10,48,27
23,2378,36,10,48,28
23,2379,36,10,48,29
23,2380,36,10,48,30
23,2381,36,10,48,31
23,2382,36,10,48,32
23,2383,36,10,48,33
23,2384,36,10,48,34
23,2385,36,10,48,35
NA,2386,NA,1,48,36
NA,2387,NA,1,48,37
NA,2388,NA,1,48,38
NA,2389,NA,1,48,39
6,2390,36,10,48,40
6,2391,36,10,48,41
6,2392,36,10,48,42
6,2393,36,10,48,43
6,2394,36,10,48,44
6,2395,36,10,48,45
6,2396,36,10,48,46
28,2397,37,10,48,47
28,2398,37,10,48,48
28,2399,37,10,48,49
28,2400,37,10,48,50
NA,2401,NA,1,49,1
NA,2402,NA,1,49,2
NA,2403,NA,1,49,3
NA,2404,NA,1,49,4
NA,2405,NA,1,49,5
NA,2406,NA,1,49,6
NA,2407,NA,1,49,7
NA,2408,NA,1,49,8
NA,2409,NA,1,49,9
NA,2410,NA,1,49,10
NA,2411,NA,1,49,11
NA,2412,NA,1,49,12
NA,2413,NA,1,49,13
NA,2414,NA,1,49,14
NA,2415,NA,1,49,15
NA,2416,NA,1,49,16
NA,2417,NA,1,49,17
NA,2418,NA,1,49,18
NA,2419,NA,1,49,19
NA,2420,NA,1,49,20
NA,2421,NA,1,49,21
NA,2422,NA,1,49,22
NA,2423,NA,1,49,23
NA,2424,NA,1,49,24
23,2425,36,10,49,25
23,2426,36,10,49,26
23,2427,36,10,49,27
23,2428,36,10,49,28
23,2429,36,10,49,29
23,2430,36,10,49,30
23,2431,36,10,49,31
23,2432,36,10,49,32
23,2433,36,10,49,33
23,2434,36,10,49,34
NA,2435,NA,1,49,35
NA,2436,NA,1,49,36
NA,2437,NA,1,49,37
NA,2438,NA,1,49,38
NA,2439,NA,1,49,39
6,2440,36,10,49,40
6,2441,36,10,49,41
6,2442,36,10,49,42
6,2443,36,10,49,43
6,2444,36,10,49,44
6,2445,36,10,49,45
6,2446,36,10,49,46
6,2447,36,10,49,47
28,2448,37,10,49,48
28,2449,37,10,49,49
28,2450,37,10,49,50
NA,2451,NA,1,50,1
NA,2452,NA,1,50,2
NA,2453,NA,1,50,3
NA,2454,NA,1,50,4
NA,2455,NA,1,50,5
NA,2456,NA,1,50,6
NA,2457,NA,1,50,7
NA,2458,NA,1,50,8
NA,2459,NA,1,50,9
NA,2460,NA,1,50,10
NA,2461,NA,1,50,11
NA,2462,NA,1,50,12
NA,2463,NA,1,50,13
NA,2464,NA,1,50,14
NA,2465,NA,1,50,15
NA,2466,NA,1,50,16
NA,2467,NA,1,50,17
NA,2468,NA,1,50,18
NA,2469,NA,1,50,19
NA,2470,NA,1,50,20
NA,2471,NA,1,50,21
NA,2472,NA,1,50,22
NA,2473,NA,1,50,23
NA,2474,NA,1,50,24
NA,2475,NA,1,50,25
23,2476,36,10,50,26
23,2477,36,10,50,27
23,2478,36,10,50,28
23,2479,36,10,50,29
23,2480,36,10,50,30
23,2481,36,10,50,31
23,2482,36,10,50,32
23,2483,36,10,50,33
NA,2484,NA,1,50,34
NA,2485,NA,1,50,35
NA,2486,NA,1,50,36
NA,2487,NA,1,50,37
NA,2488,NA,1,50,38
NA,2489,NA,1,50,39
6,2490,36,10,50,40
6,2491,36,10,50,41
6,2492,36,10,50,42
6,2493,36,10,50,43
6,2494,36,10,50,44
6,2495,36,10,50,45
6,2496,36,10,50,46
6,2497,36,10,50,47
6,2498,36,10,50,48
28,2499,37,10,50,49
28,2500,37,10,50,50
